fund,fund_code,snapshot_date,source_url,raw_file,raw_sha256,status,num_holdings,total_weight,captured_at_utc
easyai,EASYAI,2026-05-08,https://easyetf-constituents.s3.us-west-2.amazonaws.com/EASYAI_PCF_ZAR_20260508.csv,data/raw/easyai/EASYAI_PCF_ZAR_20260508.csv,4f66610c4fb825b536a8466071f81b8bbd52c1dae70a308744f6703471f508d5,duplicate,31,99.83,2026-05-10T04:15:33Z
easyai,EASYAI,2026-05-11,https://easyetf-constituents.s3.us-west-2.amazonaws.com/EASYAI_PCF_ZAR_20260511.csv,data/raw/easyai/EASYAI_PCF_ZAR_20260511.csv,b15a0aae81c12a485f0646f1f6548abad473ae19e5d34b01999a98d07b543756,new,31,99.84,2026-05-11T08:36:46Z
easyai,EASYAI,2026-05-12,https://easyetf-constituents.s3.us-west-2.amazonaws.com/EASYAI_PCF_ZAR_20260512.csv,data/raw/easyai/EASYAI_PCF_ZAR_20260512.csv,0137d006f1a6ca756119040bdf8212d6e07545ac5f3748ffe50b5f8f58c2fddc,new,31,99.86,2026-05-12T07:43:29Z
easyai,EASYAI,2026-05-13,https://easyetf-constituents.s3.us-west-2.amazonaws.com/EASYAI_PCF_ZAR_20260513.csv,data/raw/easyai/EASYAI_PCF_ZAR_20260513.csv,8e3b37a1a9b0b92ffe554d59e67e275993d00230b80e27a690f708bb0a737cc2,new,31,99.84,2026-05-13T11:37:32Z
easyai,EASYAI,2026-05-14,https://easyetf-constituents.s3.us-west-2.amazonaws.com/EASYAI_PCF_ZAR_20260514.csv,data/raw/easyai/EASYAI_PCF_ZAR_20260514.csv,81fbade0008bf74393282e5bccafeda965a0c708efd60dadee1d7a16a658fbe1,new,31,99.85,2026-05-14T09:33:37Z
easyai,EASYAI,2026-05-15,https://easyetf-constituents.s3.us-west-2.amazonaws.com/EASYAI_PCF_ZAR_20260515.csv,data/raw/easyai/EASYAI_PCF_ZAR_20260515.csv,6eb58f6fdb890863fd895749877825aedc8dcb3b6606fdab974bf85f0560b951,new,31,99.87,2026-05-15T11:30:25Z
easyai,EASYAI,2026-05-18,https://easyetf-constituents.s3.us-west-2.amazonaws.com/EASYAI_PCF_ZAR_20260518.csv,data/raw/easyai/EASYAI_PCF_ZAR_20260518.csv,edcd75605a92ae77579a2a4cc1bb89f559e39f060a722c082ea8eb6dcecf938f,new,31,99.86,2026-05-18T12:48:40Z
easyai,EASYAI,2026-05-19,https://easyetf-constituents.s3.us-west-2.amazonaws.com/EASYAI_PCF_ZAR_20260519.csv,data/raw/easyai/EASYAI_PCF_ZAR_20260519.csv,31e69e7ba0b3086b037102093483bf011a272d6fcfa06b5f549d2c77b715d979,new,31,99.85,2026-05-19T12:21:33Z
easyai,EASYAI,2026-05-20,https://easyetf-constituents.s3.us-west-2.amazonaws.com/EASYAI_PCF_ZAR_20260520.csv,data/raw/easyai/EASYAI_PCF_ZAR_20260520.csv,ac453ae8f80aa140d4545960a7244fb60edfaa91feee935b3238da7789259572,new,31,99.84,2026-05-20T12:04:11Z
easyai,EASYAI,2026-05-22,https://easyetf-constituents.s3.us-west-2.amazonaws.com/EASYAI_PCF_ZAR_20260522.csv,data/raw/easyai/EASYAI_PCF_ZAR_20260522.csv,70fc11a2313b93282c100a96976c49d646b634376b026d85c94c109132514d69,new,32,99.82,2026-05-22T12:01:33Z
easyai,EASYAI,2026-05-25,https://easyetf-constituents.s3.us-west-2.amazonaws.com/EASYAI_PCF_ZAR_20260525.csv,data/raw/easyai/EASYAI_PCF_ZAR_20260525.csv,0cd6a6ebc0d81da843fb30ae16de8d4c94b2a52a0faea79b63ab88fd76a1e253,new,35,99.84,2026-05-25T16:32:02Z
easyai,EASYAI,2026-05-26,https://easyetf-constituents.s3.us-west-2.amazonaws.com/EASYAI_PCF_ZAR_20260526.csv,data/raw/easyai/EASYAI_PCF_ZAR_20260526.csv,bd623833a5d4262a0c31c015b336a311a0f23bb668b75123fe98e1f2aefc65b2,new,32,99.84,2026-05-26T12:49:45Z
easyai,EASYAI,2026-05-27,https://easyetf-constituents.s3.us-west-2.amazonaws.com/EASYAI_PCF_ZAR_20260527.csv,data/raw/easyai/EASYAI_PCF_ZAR_20260527.csv,82a7f459a76afce8e42ceb477ead1e56cc0fcffb8b359b364624489379dd8513,new,32,99.86,2026-05-27T11:14:18Z
easyai,EASYAI,2026-05-28,https://easyetf-constituents.s3.us-west-2.amazonaws.com/EASYAI_PCF_ZAR_20260528.csv,data/raw/easyai/EASYAI_PCF_ZAR_20260528.csv,2a5a6bbe4e29dceb2c8f81d518d8c907596d52f7070a87b8f30f4bb137addc3c,new,32,99.84,2026-05-28T12:45:54Z
easyai,EASYAI,2026-05-29,https://easyetf-constituents.s3.us-west-2.amazonaws.com/EASYAI_PCF_ZAR_20260529.csv,data/raw/easyai/EASYAI_PCF_ZAR_20260529.csv,7b676494aab95f5c126a35754b25c83725400fed1dd7f160eaf0f921e290b190,new,33,99.86,2026-05-29T12:27:44Z
easyai,EASYAI,2026-06-01,https://easyetf-constituents.s3.us-west-2.amazonaws.com/EASYAI_PCF_ZAR_20260601.csv,data/raw/easyai/EASYAI_PCF_ZAR_20260601.csv,e1feea25c2bf0b21809b730b594ff8b449cda63418c112829e6490f6f5dde04e,new,34,99.81,2026-06-01T15:33:17Z
easyai,EASYAI,2026-06-02,https://easyetf-constituents.s3.us-west-2.amazonaws.com/EASYAI_PCF_ZAR_20260602.csv,data/raw/easyai/EASYAI_PCF_ZAR_20260602.csv,872b0d2285e8eb716a493e88b9d3c7e693815b912337c05754d16ff927220390,new,34,99.85,2026-06-02T12:52:15Z
easyai,EASYAI,2026-06-03,https://easyetf-constituents.s3.us-west-2.amazonaws.com/EASYAI_PCF_ZAR_20260603.csv,data/raw/easyai/EASYAI_PCF_ZAR_20260603.csv,5167f06ab9f882e2d7f293a03e006190a2628007311fe33c31b7a57559dec4d0,new,34,99.81,2026-06-03T14:06:13Z
easyai,EASYAI,2026-06-04,https://easyetf-constituents.s3.us-west-2.amazonaws.com/EASYAI_PCF_ZAR_20260604.csv,data/raw/easyai/EASYAI_PCF_ZAR_20260604.csv,f753c364ec26bb97642ce25b423c1e60389e0cea143970d4906eb492aeb89617,new,34,99.86,2026-06-04T12:19:42Z
easyai,EASYAI,2026-06-05,https://easyetf-constituents.s3.us-west-2.amazonaws.com/EASYAI_PCF_ZAR_20260605.csv,data/raw/easyai/EASYAI_PCF_ZAR_20260605.csv,7528ab059a8a63f28bdce66ecd93198ad50a73ad3d3cf551eee208592bf3106b,new,34,99.82,2026-06-05T12:20:01Z
easyai,EASYAI,2026-06-08,https://easyetf-constituents.s3.us-west-2.amazonaws.com/EASYAI_PCF_ZAR_20260608.csv,data/raw/easyai/EASYAI_PCF_ZAR_20260608.csv,eee066bcfe60fe2645fd80507aa9f9117accf41dd29291f1c5c83a436194e128,new,34,99.84,2026-06-08T11:13:47Z
easyai,EASYAI,2026-06-09,https://easyetf-constituents.s3.us-west-2.amazonaws.com/EASYAI_PCF_ZAR_20260609.csv,data/raw/easyai/EASYAI_PCF_ZAR_20260609.csv,d4a3e379211fdb8c9373e2b66f1ae2cb60e909120038f4301590128bc0e639f2,new,34,99.84,2026-06-09T12:15:54Z
easyai,EASYAI,2026-06-10,https://easyetf-constituents.s3.us-west-2.amazonaws.com/EASYAI_PCF_ZAR_20260610.csv,data/raw/easyai/EASYAI_PCF_ZAR_20260610.csv,23eb4f6deedd558d4e5470705d0b681b300c703a8b974b2389a9c36d11a1ac07,new,34,99.84,2026-06-10T12:36:05Z
easyai,EASYAI,2026-06-11,https://easyetf-constituents.s3.us-west-2.amazonaws.com/EASYAI_PCF_ZAR_20260611.csv,data/raw/easyai/EASYAI_PCF_ZAR_20260611.csv,7901eeb9bd21a83cbdc4c387b64d7387ad7756f0ae27e080d2d2a009f2e472cc,new,34,99.84,2026-06-11T12:54:50Z
easyai,EASYAI,2026-06-12,https://easyetf-constituents.s3.us-west-2.amazonaws.com/EASYAI_PCF_ZAR_20260612.csv,data/raw/easyai/EASYAI_PCF_ZAR_20260612.csv,5047b034242f52d9f124aa1eb4249d190cd9c184e10b835b91f5bed20c68d6aa,new,34,99.82,2026-06-12T12:31:25Z
easyai,EASYAI,2026-06-15,https://easyetf-constituents.s3.us-west-2.amazonaws.com/EASYAI_PCF_ZAR_20260615.csv,data/raw/easyai/EASYAI_PCF_ZAR_20260615.csv,f8665b675efb519454825dd46c459db9b07e16ea1aaa40128d9cc4b238e93408,new,34,99.81,2026-06-15T15:25:10Z
easyai,EASYAI,2026-06-17,https://easyetf-constituents.s3.us-west-2.amazonaws.com/EASYAI_PCF_ZAR_20260617.csv,data/raw/easyai/EASYAI_PCF_ZAR_20260617.csv,06bb6ae6ffe9a1be9f3cbedd67c41cf3011480bf07932dbcec1320c264c05a6d,new,34,99.82,2026-06-17T12:58:17Z
easyai,EASYAI,2026-06-18,https://easyetf-constituents.s3.us-west-2.amazonaws.com/EASYAI_PCF_ZAR_20260618.csv,data/raw/easyai/EASYAI_PCF_ZAR_20260618.csv,294af5482962d6a8ffe4755262978d7a58833fc877592e54fc12857f22d3de66,new,35,99.82,2026-06-18T12:32:01Z
easyai,EASYAI,2026-06-19,https://easyetf-constituents.s3.us-west-2.amazonaws.com/EASYAI_PCF_ZAR_20260619.csv,data/raw/easyai/EASYAI_PCF_ZAR_20260619.csv,83000ca9d1390fd47d4bc9a9b9bf8cda198d4f1912d4d733ccdf0a61c748b162,new,35,99.81,2026-06-19T12:54:06Z
easyai,EASYAI,2026-06-22,https://easyetf-constituents.s3.us-west-2.amazonaws.com/EASYAI_PCF_ZAR_20260622.csv,data/raw/easyai/EASYAI_PCF_ZAR_20260622.csv,c778c22b16b9490c699c4dadcf392668a5fd1c180b9617c7304c73e65cab4ba1,new,35,99.85,2026-06-22T14:50:11Z
easyai,EASYAI,2026-06-24,https://easyetf-constituents.s3.us-west-2.amazonaws.com/EASYAI_PCF_ZAR_20260624.csv,data/raw/easyai/EASYAI_PCF_ZAR_20260624.csv,126e2356b4f961186b31d8a543468223aad182e9d80587e28523688e85d36fe8,new,35,99.82,2026-06-24T12:01:37Z
easyai,EASYAI,2026-06-25,https://easyetf-constituents.s3.us-west-2.amazonaws.com/EASYAI_PCF_ZAR_20260625.csv,data/raw/easyai/EASYAI_PCF_ZAR_20260625.csv,14a3c2d69cf70bb6e7de8c51a83d75c7926bb394cba83f05ff9152252b80bc43,new,35,99.82,2026-06-25T11:50:21Z
easyai,EASYAI,2026-06-26,https://easyetf-constituents.s3.us-west-2.amazonaws.com/EASYAI_PCF_ZAR_20260626.csv,data/raw/easyai/EASYAI_PCF_ZAR_20260626.csv,6524ac7e768a5b2e55c45e3cd9c69803d172e2e70a4dfd0517c236f77fe4d36d,new,35,99.86,2026-06-26T11:49:53Z
easyai,EASYAI,2026-06-29,https://easyetf-constituents.s3.us-west-2.amazonaws.com/EASYAI_PCF_ZAR_20260629.csv,data/raw/easyai/EASYAI_PCF_ZAR_20260629.csv,3d030af3818cf07a224e73e8a9c68fa6ea8eed7ffa939aae89ed8012dbaabe24,new,35,99.82,2026-06-29T13:15:51Z
easyai,EASYAI,2026-06-30,https://easyetf-constituents.s3.us-west-2.amazonaws.com/EASYAI_PCF_ZAR_20260630.csv,data/raw/easyai/EASYAI_PCF_ZAR_20260630.csv,32e89f304ca30d6ffb1623cc0aaa6d42e759c7fee99d9fccfa4b7e75251d8ce3,new,35,99.83,2026-06-30T11:50:22Z
easyai,EASYAI,2026-07-01,https://easyetf-constituents.s3.us-west-2.amazonaws.com/EASYAI_PCF_ZAR_20260701.csv,data/raw/easyai/EASYAI_PCF_ZAR_20260701.csv,f9979a8006d52ae6e30f637300914adf5902ef4dae27adcde185b2c9139829c7,new,35,99.81,2026-07-01T12:17:19Z
easyai,EASYAI,2026-07-02,https://easyetf-constituents.s3.us-west-2.amazonaws.com/EASYAI_PCF_ZAR_20260702.csv,data/raw/easyai/EASYAI_PCF_ZAR_20260702.csv,7f1b71705a11a8e85a5bca6753309bfe189c148b812fe56295d7075d68b0dab4,new,35,99.82,2026-07-02T11:43:34Z
easyai,EASYAI,2026-07-03,https://easyetf-constituents.s3.us-west-2.amazonaws.com/EASYAI_PCF_ZAR_20260703.csv,data/raw/easyai/EASYAI_PCF_ZAR_20260703.csv,22ed62964b84b0c025129dc9723ea18d1225784ecd6e37943fcb4bbdf732fcbb,new,35,99.81,2026-07-03T11:42:03Z
easyai,EASYAI,2026-07-06,https://easyetf-constituents.s3.us-west-2.amazonaws.com/EASYAI_PCF_ZAR_20260706.csv,data/raw/easyai/EASYAI_PCF_ZAR_20260706.csv,18b376e1f7d2cdf19e1b42e9219b71bc503eaa02974776b4d0e202fd5981a879,new,35,99.83,2026-07-06T12:58:51Z
easyai,EASYAI,2026-07-07,https://easyetf-constituents.s3.us-west-2.amazonaws.com/EASYAI_PCF_ZAR_20260707.csv,data/raw/easyai/EASYAI_PCF_ZAR_20260707.csv,cfe1f48d160e34f7d12bf4ca75c33a4c99e58b5f010c36aaf8982b04165020c9,new,35,99.82,2026-07-07T12:09:52Z
easyai,EASYAI,2026-07-08,https://easyetf-constituents.s3.us-west-2.amazonaws.com/EASYAI_PCF_ZAR_20260708.csv,data/raw/easyai/EASYAI_PCF_ZAR_20260708.csv,c4d4e70bbd09542f6e33477dde4375ea4bf91dd5a27184053611b64094378eb5,new,35,99.84,2026-07-08T11:18:04Z
easyai,EASYAI,2026-07-09,https://easyetf-constituents.s3.us-west-2.amazonaws.com/EASYAI_PCF_ZAR_20260709.csv,data/raw/easyai/EASYAI_PCF_ZAR_20260709.csv,5bad77f097c87c750aab9c3fac739d61cab82c6ea8a2db3ccc4ac3d42adb2588,new,35,99.83,2026-07-09T12:20:53Z
easyai,EASYAI,2026-07-10,https://easyetf-constituents.s3.us-west-2.amazonaws.com/EASYAI_PCF_ZAR_20260710.csv,data/raw/easyai/EASYAI_PCF_ZAR_20260710.csv,078285f158a76d33fdd382012206fdbb04425e33794273c9d0ddf62894ce9dfa,new,35,99.87,2026-07-10T12:08:38Z
easyai,EASYAI,2026-07-13,https://easyetf-constituents.s3.us-west-2.amazonaws.com/EASYAI_PCF_ZAR_20260713.csv,data/raw/easyai/EASYAI_PCF_ZAR_20260713.csv,55893eb9954b07b97ceec5ce595d185e6b70b08855989d8764182d9101de59d6,new,35,99.8,2026-07-13T12:16:58Z
easyai,EASYAI,2026-07-14,https://easyetf-constituents.s3.us-west-2.amazonaws.com/EASYAI_PCF_ZAR_20260714.csv,data/raw/easyai/EASYAI_PCF_ZAR_20260714.csv,dcafb1f60337371080fee26329ec844b424682d20bdd9bd62ad105e06aa1b384,new,35,99.85,2026-07-14T10:56:20Z
easyai,EASYAI,2026-07-15,https://easyetf-constituents.s3.us-west-2.amazonaws.com/EASYAI_PCF_ZAR_20260715.csv,data/raw/easyai/EASYAI_PCF_ZAR_20260715.csv,e95677e9a145696dade4421d16f39751a4352ea06ccd0df3a86c1a32545fe059,new,35,99.84,2026-07-15T11:01:55Z
easyai,EASYAI,2026-07-16,https://easyetf-constituents.s3.us-west-2.amazonaws.com/EASYAI_PCF_ZAR_20260716.csv,data/raw/easyai/EASYAI_PCF_ZAR_20260716.csv,c18ee50ca551adeda038a0cbe12f0b2f70038d94d0c14551247ec79d542b4e32,new,35,99.79,2026-07-16T11:12:39Z
easyai,EASYAI,2026-07-17,https://easyetf-constituents.s3.us-west-2.amazonaws.com/EASYAI_PCF_ZAR_20260717.csv,data/raw/easyai/EASYAI_PCF_ZAR_20260717.csv,cc05db258bb0ceaf8e66cb20f0e0400fc1d225e4182917f487fd25a67730956d,new,35,99.74,2026-07-17T10:58:08Z
easyai,EASYAI,2026-07-20,https://easyetf-constituents.s3.us-west-2.amazonaws.com/EASYAI_PCF_ZAR_20260720.csv,data/raw/easyai/EASYAI_PCF_ZAR_20260720.csv,ff7e3ea0187da54ee2b253031a4e661197615899104a2eee7e44be45de662eb6,new,35,99.76,2026-07-20T11:58:35Z
easyai,EASYAI,2026-07-21,https://easyetf-constituents.s3.us-west-2.amazonaws.com/EASYAI_PCF_ZAR_20260721.csv,data/raw/easyai/EASYAI_PCF_ZAR_20260721.csv,2ac676349e31dd7d4b0bcbcf1f444c077d5b35986800a1bf938f7674411ed236,new,35,99.75,2026-07-21T11:18:59Z
easyai,EASYAI,2026-07-22,https://easyetf-constituents.s3.us-west-2.amazonaws.com/EASYAI_PCF_ZAR_20260722.csv,data/raw/easyai/EASYAI_PCF_ZAR_20260722.csv,d604d8ee4db9ff30efe77efe637fd4b1b77cbbdd49d4807aa2be79faf2d5f686,new,35,99.82,2026-07-22T11:20:04Z
easyai,EASYAI,2026-07-23,https://easyetf-constituents.s3.us-west-2.amazonaws.com/EASYAI_PCF_ZAR_20260723.csv,data/raw/easyai/EASYAI_PCF_ZAR_20260723.csv,e349f0b47df087a1a11f71475589ccdaaf8fbaf2b2537a322a14288729bf98ba,new,35,99.79,2026-07-23T11:20:09Z
easyai,EASYAI,2026-07-24,https://easyetf-constituents.s3.us-west-2.amazonaws.com/EASYAI_PCF_ZAR_20260724.csv,data/raw/easyai/EASYAI_PCF_ZAR_20260724.csv,b32037719187927a1b8b555690c12532da4b99767a4d219e33ec9308225e2661,new,35,99.79,2026-07-24T11:12:40Z
easyai,EASYAI,2026-07-27,https://easyetf-constituents.s3.us-west-2.amazonaws.com/EASYAI_PCF_ZAR_20260727.csv,data/raw/easyai/EASYAI_PCF_ZAR_20260727.csv,215512bcf69d17b63b3d5d73c722b4596bcf69ef3ae49e20f6371516a56311ca,new,35,99.74,2026-07-27T12:36:50Z
easyai,EASYAI,2026-07-28,https://easyetf-constituents.s3.us-west-2.amazonaws.com/EASYAI_PCF_ZAR_20260728.csv,data/raw/easyai/EASYAI_PCF_ZAR_20260728.csv,0d5f8521ba4928cb496e243998c964db503f087552ca771d3a395ac7e869ef99,new,35,99.79,2026-07-28T11:27:55Z
easyai,EASYAI,2026-07-29,https://easyetf-constituents.s3.us-west-2.amazonaws.com/EASYAI_PCF_ZAR_20260729.csv,data/raw/easyai/EASYAI_PCF_ZAR_20260729.csv,27b32226a990947279b99270071cfdbde24fcdc384944d7aa40129aad381cd14,new,35,99.84,2026-07-29T11:33:44Z
easyai,EASYAI,2026-07-30,https://easyetf-constituents.s3.us-west-2.amazonaws.com/EASYAI_PCF_ZAR_20260730.csv,data/raw/easyai/EASYAI_PCF_ZAR_20260730.csv,5013fd43f528d6c6a1ee00b583765e969d7ee4d5962e637508d7d6f764b676ae,new,35,99.75,2026-07-30T11:21:20Z
easyai,EASYAI,2026-07-31,https://easyetf-constituents.s3.us-west-2.amazonaws.com/EASYAI_PCF_ZAR_20260731.csv,data/raw/easyai/EASYAI_PCF_ZAR_20260731.csv,6c17f19d81fbd4e2fd2a7d0b35c6363ec2365640b66fe2de3fde6b3107dde556,new,35,99.79,2026-07-31T11:35:30Z
easyai,EASYAI,2026-08-03,https://easyetf-constituents.s3.us-west-2.amazonaws.com/EASYAI_PCF_ZAR_20260803.csv,data/raw/easyai/EASYAI_PCF_ZAR_20260803.csv,ce61749345f99d27416d296893b7ec189c8aaffebbadbf958ecc11ef5a4a69e6,new,35,99.77,2026-08-03T12:35:55Z
easyai,EASYAI,2026-08-04,https://easyetf-constituents.s3.us-west-2.amazonaws.com/EASYAI_PCF_ZAR_20260804.csv,data/raw/easyai/EASYAI_PCF_ZAR_20260804.csv,befc1879f5fbb430574d130e6cbe2c22652e13b7adf713d8409faba9d0fd549a,new,35,99.78,2026-08-04T11:33:51Z
easyai,EASYAI,2026-08-05,https://easyetf-constituents.s3.us-west-2.amazonaws.com/EASYAI_PCF_ZAR_20260805.csv,data/raw/easyai/EASYAI_PCF_ZAR_20260805.csv,bd7f9e0716c3aa7793e3a6c918063eaced5fd046e650cf83e9b1e9bf66201e96,new,35,99.77,2026-08-05T11:29:34Z
easyai,EASYAI,2026-08-06,https://easyetf-constituents.s3.us-west-2.amazonaws.com/EASYAI_PCF_ZAR_20260806.csv,data/raw/easyai/EASYAI_PCF_ZAR_20260806.csv,7b8b91bf44a764d8c7e4c439407a05bf9d0ec1d1fe726bc47c116659c4a5dc68,new,35,99.76,2026-08-06T11:33:26Z
easyai,EASYAI,2026-08-07,https://easyetf-constituents.s3.us-west-2.amazonaws.com/EASYAI_PCF_ZAR_20260807.csv,data/raw/easyai/EASYAI_PCF_ZAR_20260807.csv,9c97eb2142f05f7c33d2d6ddd354176e283630045580db71a33d0448860183b7,new,35,99.81,2026-08-07T10:10:44Z
easyai,EASYAI,2026-08-12,https://easyetf-constituents.s3.us-west-2.amazonaws.com/EASYAI_PCF_ZAR_20260812.csv,data/raw/easyai/EASYAI_PCF_ZAR_20260812.csv,89f1ec802b3683167c1fd79b8e2320ae3fd50dfdc118cf63c26b007d40e7d8c6,new,35,99.73,2026-08-12T10:19:55Z
easyai,EASYAI,2026-08-13,https://easyetf-constituents.s3.us-west-2.amazonaws.com/EASYAI_PCF_ZAR_20260813.csv,data/raw/easyai/EASYAI_PCF_ZAR_20260813.csv,6deace1aaf0e319be0f1253cf61fee9bb818f9d46f324cfd9c19db5412f9ed05,new,35,99.84,2026-08-13T10:28:05Z
easyai,EASYAI,2026-08-14,https://easyetf-constituents.s3.us-west-2.amazonaws.com/EASYAI_PCF_ZAR_20260814.csv,data/raw/easyai/EASYAI_PCF_ZAR_20260814.csv,c3e2c2eb4f308d3fc5bee6b91a5870985eaca9faff2ea3368fec0839cce70e95,new,32,99.82,2026-08-14T10:16:43Z
easyai,EASYAI,2026-08-17,https://easyetf-constituents.s3.us-west-2.amazonaws.com/EASYAI_PCF_ZAR_20260817.csv,data/raw/easyai/EASYAI_PCF_ZAR_20260817.csv,bd74ffeac7dbb446b78c9611a9c9e85c180ce312d2f97a40d2bd02e807e3c452,new,32,99.83,2026-08-17T09:57:44Z
easyai,EASYAI,2026-08-18,https://easyetf-constituents.s3.us-west-2.amazonaws.com/EASYAI_PCF_ZAR_20260818.csv,data/raw/easyai/EASYAI_PCF_ZAR_20260818.csv,3470372086fca1de20625119bc63c8e3a7593f19a0519825cd05cd4283eb730d,new,31,99.86,2026-08-18T09:48:29Z
easyai,EASYAI,2026-08-19,https://easyetf-constituents.s3.us-west-2.amazonaws.com/EASYAI_PCF_ZAR_20260819.csv,data/raw/easyai/EASYAI_PCF_ZAR_20260819.csv,0af1a38e1e3115e3d39912307d0ebe68ceb6047856db14dc99943d51c814459d,new,30,99.82,2026-08-19T09:49:28Z
easybalanced,EASYBF,2026-05-08,https://easyetf-constituents.s3.us-west-2.amazonaws.com/EASYBF_PCF_ZAR_20260508.csv,data/raw/easybalanced/EASYBF_PCF_ZAR_20260508.csv,14dcef5d7bd60f8959dde4944d1f7b10629b25787d5c42acdc5ca89d11cef91d,duplicate,32,99.77,2026-05-10T04:15:34Z
easybalanced,EASYBF,2026-05-11,https://easyetf-constituents.s3.us-west-2.amazonaws.com/EASYBF_PCF_ZAR_20260511.csv,data/raw/easybalanced/EASYBF_PCF_ZAR_20260511.csv,bd5c51e9e9047d9c4320c7acf5841e16cc165c467ded05e2703a62e5815d32e4,new,32,99.74,2026-05-11T08:36:46Z
easybalanced,EASYBF,2026-05-12,https://easyetf-constituents.s3.us-west-2.amazonaws.com/EASYBF_PCF_ZAR_20260512.csv,data/raw/easybalanced/EASYBF_PCF_ZAR_20260512.csv,8a417b835412ba7674417d00a47eecae4c6d86c74b59342ec37a01b8aacd1b31,new,32,99.83,2026-05-12T07:43:30Z
easybalanced,EASYBF,2026-05-13,https://easyetf-constituents.s3.us-west-2.amazonaws.com/EASYBF_PCF_ZAR_20260513.csv,data/raw/easybalanced/EASYBF_PCF_ZAR_20260513.csv,48eea4ca8498ca3f591b8797436f57ef4181195b0d45081dc377e2e6c287578e,new,32,99.67,2026-05-13T11:37:32Z
easybalanced,EASYBF,2026-05-14,https://easyetf-constituents.s3.us-west-2.amazonaws.com/EASYBF_PCF_ZAR_20260514.csv,data/raw/easybalanced/EASYBF_PCF_ZAR_20260514.csv,6476273d965d4c4167b59af8a74d5eba7b47f5a5258aa40244b9ab033ec04d32,new,32,99.74,2026-05-14T09:33:37Z
easybalanced,EASYBF,2026-05-15,https://easyetf-constituents.s3.us-west-2.amazonaws.com/EASYBF_PCF_ZAR_20260515.csv,data/raw/easybalanced/EASYBF_PCF_ZAR_20260515.csv,4d7db3a221d1d8df8732bc6d57541adf8a1e966840728b5bb5f262ef27313798,new,32,99.73,2026-05-15T11:30:25Z
easybalanced,EASYBF,2026-05-18,https://easyetf-constituents.s3.us-west-2.amazonaws.com/EASYBF_PCF_ZAR_20260518.csv,data/raw/easybalanced/EASYBF_PCF_ZAR_20260518.csv,04a216a31c085f96d93334db64c956a4f68d1b65bce9f771f7958cd751b6c7f2,new,32,99.72,2026-05-18T12:48:40Z
easybalanced,EASYBF,2026-05-19,https://easyetf-constituents.s3.us-west-2.amazonaws.com/EASYBF_PCF_ZAR_20260519.csv,data/raw/easybalanced/EASYBF_PCF_ZAR_20260519.csv,b8678e0c223050814b8d88e3043de902a88ce9a3dc3796d63e09919acf5326d0,new,32,99.81,2026-05-19T12:21:34Z
easybalanced,EASYBF,2026-05-20,https://easyetf-constituents.s3.us-west-2.amazonaws.com/EASYBF_PCF_ZAR_20260520.csv,data/raw/easybalanced/EASYBF_PCF_ZAR_20260520.csv,99355b7df6305e2e29fd7b2e51e09224cc2d22a361314a1815baa0ff7088fec7,new,35,99.77,2026-05-20T12:04:11Z
easybalanced,EASYBF,2026-05-22,https://easyetf-constituents.s3.us-west-2.amazonaws.com/EASYBF_PCF_ZAR_20260522.csv,data/raw/easybalanced/EASYBF_PCF_ZAR_20260522.csv,c9891961b7ad299b66d54e2722542ddb9ec0da840db61bdad49fcb0d6c950e35,new,29,99.78,2026-05-22T12:01:33Z
easybalanced,EASYBF,2026-05-25,https://easyetf-constituents.s3.us-west-2.amazonaws.com/EASYBF_PCF_ZAR_20260525.csv,data/raw/easybalanced/EASYBF_PCF_ZAR_20260525.csv,a02a07e82e46dd6896f53689e19dd1571a4ee75b65bbfa399c2df25ab102ed8c,new,29,99.65,2026-05-25T16:32:02Z
easybalanced,EASYBF,2026-05-26,https://easyetf-constituents.s3.us-west-2.amazonaws.com/EASYBF_PCF_ZAR_20260526.csv,data/raw/easybalanced/EASYBF_PCF_ZAR_20260526.csv,e212df035d3faecfc98cc07c4f465744506e144c254d346e95f36862d80c434e,new,29,99.82,2026-05-26T12:49:46Z
easybalanced,EASYBF,2026-05-27,https://easyetf-constituents.s3.us-west-2.amazonaws.com/EASYBF_PCF_ZAR_20260527.csv,data/raw/easybalanced/EASYBF_PCF_ZAR_20260527.csv,d6504d1cd036e380bea8d767eeb44d681a03d11ea359d440fda01a1a9eb11518,new,29,99.78,2026-05-27T11:14:18Z
easybalanced,EASYBF,2026-05-28,https://easyetf-constituents.s3.us-west-2.amazonaws.com/EASYBF_PCF_ZAR_20260528.csv,data/raw/easybalanced/EASYBF_PCF_ZAR_20260528.csv,6e98892a2fd47938d72efa911d21182b5152d1a5c1fe1b3b5dba8c5a72bf78c1,new,29,99.76,2026-05-28T12:45:54Z
easybalanced,EASYBF,2026-05-29,https://easyetf-constituents.s3.us-west-2.amazonaws.com/EASYBF_PCF_ZAR_20260529.csv,data/raw/easybalanced/EASYBF_PCF_ZAR_20260529.csv,34c5d735155717f51eab43009c7e6bd073890fd0f2013cf9c2850b079424a61d,new,29,99.78,2026-05-29T12:27:44Z
easybalanced,EASYBF,2026-06-01,https://easyetf-constituents.s3.us-west-2.amazonaws.com/EASYBF_PCF_ZAR_20260601.csv,data/raw/easybalanced/EASYBF_PCF_ZAR_20260601.csv,4c9014767f08d324d0a39c4a9f678fa7d5411012142f4165d5d89ce8ec5b171f,new,29,99.8,2026-06-01T15:33:18Z
easybalanced,EASYBF,2026-06-02,https://easyetf-constituents.s3.us-west-2.amazonaws.com/EASYBF_PCF_ZAR_20260602.csv,data/raw/easybalanced/EASYBF_PCF_ZAR_20260602.csv,d721d297d6413497ac50bef8264a61c31dac18d9d48455dfa4edd8bdbf10ec98,new,29,99.69,2026-06-02T12:52:15Z
easybalanced,EASYBF,2026-06-03,https://easyetf-constituents.s3.us-west-2.amazonaws.com/EASYBF_PCF_ZAR_20260603.csv,data/raw/easybalanced/EASYBF_PCF_ZAR_20260603.csv,b1f6089694c36cf405a713bde93493780656be6241a006a2c677367df36421ea,new,29,99.79,2026-06-03T14:06:13Z
easybalanced,EASYBF,2026-06-04,https://easyetf-constituents.s3.us-west-2.amazonaws.com/EASYBF_PCF_ZAR_20260604.csv,data/raw/easybalanced/EASYBF_PCF_ZAR_20260604.csv,601a997c7f00f64fbd5b37b43dd4ccff751d002489f97d0fe6ea6cbdeeaf874e,new,29,99.77,2026-06-04T12:19:42Z
easybalanced,EASYBF,2026-06-05,https://easyetf-constituents.s3.us-west-2.amazonaws.com/EASYBF_PCF_ZAR_20260605.csv,data/raw/easybalanced/EASYBF_PCF_ZAR_20260605.csv,1ec3be96c542bf083f79d014312f98808446b4cfc91dbd646777ed9fc7e20a8c,new,29,99.75,2026-06-05T12:20:01Z
easybalanced,EASYBF,2026-06-08,https://easyetf-constituents.s3.us-west-2.amazonaws.com/EASYBF_PCF_ZAR_20260608.csv,data/raw/easybalanced/EASYBF_PCF_ZAR_20260608.csv,1ab3f6c9cc4c4414d64704d72ccf25c2970e989acde8da2fa2cf1f5eda6e2f3c,new,29,99.78,2026-06-08T11:13:47Z
easybalanced,EASYBF,2026-06-09,https://easyetf-constituents.s3.us-west-2.amazonaws.com/EASYBF_PCF_ZAR_20260609.csv,data/raw/easybalanced/EASYBF_PCF_ZAR_20260609.csv,3d38fed959d3ebd388abee950765bb95940d6309ea5c9eb0b6469b4e906563ca,new,29,99.66,2026-06-09T12:15:55Z
easybalanced,EASYBF,2026-06-10,https://easyetf-constituents.s3.us-west-2.amazonaws.com/EASYBF_PCF_ZAR_20260610.csv,data/raw/easybalanced/EASYBF_PCF_ZAR_20260610.csv,e5c00315780374754ce5be3dc295a8f9529aa1f8c8ed527132d29197d406ca82,new,29,99.67,2026-06-10T12:36:06Z
easybalanced,EASYBF,2026-06-11,https://easyetf-constituents.s3.us-west-2.amazonaws.com/EASYBF_PCF_ZAR_20260611.csv,data/raw/easybalanced/EASYBF_PCF_ZAR_20260611.csv,653605f9cc78d11e26481fdb179232ee407910a174b8ba1bb37d8b9f987d3acc,new,29,99.79,2026-06-11T12:54:50Z
easybalanced,EASYBF,2026-06-12,https://easyetf-constituents.s3.us-west-2.amazonaws.com/EASYBF_PCF_ZAR_20260612.csv,data/raw/easybalanced/EASYBF_PCF_ZAR_20260612.csv,a5b9d7294ecd94760b563cb3d7f09d0d0a1fd5d7f2f057e3fe50ca93a1dd1254,new,29,99.82,2026-06-12T12:31:25Z
easybalanced,EASYBF,2026-06-15,https://easyetf-constituents.s3.us-west-2.amazonaws.com/EASYBF_PCF_ZAR_20260615.csv,data/raw/easybalanced/EASYBF_PCF_ZAR_20260615.csv,d560c9e0a9b9b55a881bdc02d7087a8000b5c77534e6a3d340d136df77b63e74,new,29,99.63,2026-06-15T15:25:10Z
easybalanced,EASYBF,2026-06-17,https://easyetf-constituents.s3.us-west-2.amazonaws.com/EASYBF_PCF_ZAR_20260617.csv,data/raw/easybalanced/EASYBF_PCF_ZAR_20260617.csv,45357558ea9e8af7609bbbb7cf3c1f65c97d4f116de3067aaccc906d1a183d5a,new,29,99.83,2026-06-17T12:58:18Z
easybalanced,EASYBF,2026-06-18,https://easyetf-constituents.s3.us-west-2.amazonaws.com/EASYBF_PCF_ZAR_20260618.csv,data/raw/easybalanced/EASYBF_PCF_ZAR_20260618.csv,b8e8ccfef41189a7bbfb9dcf8fb3982cbafe0e9e709adda6855a1b58beabbe6c,new,29,99.73,2026-06-18T12:32:02Z
easybalanced,EASYBF,2026-06-19,https://easyetf-constituents.s3.us-west-2.amazonaws.com/EASYBF_PCF_ZAR_20260619.csv,data/raw/easybalanced/EASYBF_PCF_ZAR_20260619.csv,5d6c67fb8d9b84180e6e4c32e3acff7c1a9158f0cb3327ff0c4426f90f1ea70a,new,27,99.7,2026-06-19T12:54:07Z
easybalanced,EASYBF,2026-06-22,https://easyetf-constituents.s3.us-west-2.amazonaws.com/EASYBF_PCF_ZAR_20260622.csv,data/raw/easybalanced/EASYBF_PCF_ZAR_20260622.csv,4cda686d6aebd21b422aa93e3b1fad907ff40787f5c45e2c1fa1fbf91c0031c7,new,27,99.75,2026-06-22T14:50:11Z
easybalanced,EASYBF,2026-06-24,https://easyetf-constituents.s3.us-west-2.amazonaws.com/EASYBF_PCF_ZAR_20260624.csv,data/raw/easybalanced/EASYBF_PCF_ZAR_20260624.csv,5f227e42608fc857ba44e00573d601837acf63fe04597ef841de938b32157e9e,new,27,99.77,2026-06-24T12:01:37Z
easybalanced,EASYBF,2026-06-25,https://easyetf-constituents.s3.us-west-2.amazonaws.com/EASYBF_PCF_ZAR_20260625.csv,data/raw/easybalanced/EASYBF_PCF_ZAR_20260625.csv,3a5e12624ee80f7fe0a077e6d63165f93d10c4d4c20d6eaf00e3d6903803af6b,new,27,99.73,2026-06-25T11:50:21Z
easybalanced,EASYBF,2026-06-26,https://easyetf-constituents.s3.us-west-2.amazonaws.com/EASYBF_PCF_ZAR_20260626.csv,data/raw/easybalanced/EASYBF_PCF_ZAR_20260626.csv,12ace8b7329c6da9f3df987b49456a39117d03107a71951657775eb880fc10e5,new,27,99.71,2026-06-26T11:49:53Z
easybalanced,EASYBF,2026-06-29,https://easyetf-constituents.s3.us-west-2.amazonaws.com/EASYBF_PCF_ZAR_20260629.csv,data/raw/easybalanced/EASYBF_PCF_ZAR_20260629.csv,8427b1e2c9f6b7a00d6f289ef3b73bd2346ec8f3d7c530fb4310e2cad279f95b,new,27,99.74,2026-06-29T13:15:51Z
easybalanced,EASYBF,2026-06-30,https://easyetf-constituents.s3.us-west-2.amazonaws.com/EASYBF_PCF_ZAR_20260630.csv,data/raw/easybalanced/EASYBF_PCF_ZAR_20260630.csv,cc02b276004d1f35feca5af90099cd9dc858446b11a135984e277588c8ca8354,new,27,99.7,2026-06-30T11:50:23Z
easybalanced,EASYBF,2026-07-01,https://easyetf-constituents.s3.us-west-2.amazonaws.com/EASYBF_PCF_ZAR_20260701.csv,data/raw/easybalanced/EASYBF_PCF_ZAR_20260701.csv,aa332cc308b2c9b08b1c294951a268111edb0264010dea19b2f88f295f926ff6,new,27,99.68,2026-07-01T12:17:19Z
easybalanced,EASYBF,2026-07-02,https://easyetf-constituents.s3.us-west-2.amazonaws.com/EASYBF_PCF_ZAR_20260702.csv,data/raw/easybalanced/EASYBF_PCF_ZAR_20260702.csv,5a71d65a0be4fdedba37c4850b29e50f2b6c8c57f3ee843c54aaa7feec0b74a2,new,27,99.67,2026-07-02T11:43:35Z
easybalanced,EASYBF,2026-07-03,https://easyetf-constituents.s3.us-west-2.amazonaws.com/EASYBF_PCF_ZAR_20260703.csv,data/raw/easybalanced/EASYBF_PCF_ZAR_20260703.csv,f7a66750c2b89cac9e8024a99f6551408a32d2b94a9936e8195b3dc01ff33d23,new,27,99.7,2026-07-03T11:42:04Z
easybalanced,EASYBF,2026-07-06,https://easyetf-constituents.s3.us-west-2.amazonaws.com/EASYBF_PCF_ZAR_20260706.csv,data/raw/easybalanced/EASYBF_PCF_ZAR_20260706.csv,380bf589fae9306cfdd6b6329180ee195e4c0eb8839e72139a6c84317dfd98de,new,27,99.63,2026-07-06T12:58:51Z
easybalanced,EASYBF,2026-07-07,https://easyetf-constituents.s3.us-west-2.amazonaws.com/EASYBF_PCF_ZAR_20260707.csv,data/raw/easybalanced/EASYBF_PCF_ZAR_20260707.csv,165d7a51205f6db7829daafd65ee60b1013f83cdbba4277ff30de5dd421b7697,new,27,99.67,2026-07-07T12:09:52Z
easybalanced,EASYBF,2026-07-08,https://easyetf-constituents.s3.us-west-2.amazonaws.com/EASYBF_PCF_ZAR_20260708.csv,data/raw/easybalanced/EASYBF_PCF_ZAR_20260708.csv,bb8c3a0790767f0171bc7e88579dd11fed74797ed3774289b52cfe2a41972823,new,27,99.82,2026-07-08T11:18:05Z
easybalanced,EASYBF,2026-07-09,https://easyetf-constituents.s3.us-west-2.amazonaws.com/EASYBF_PCF_ZAR_20260709.csv,data/raw/easybalanced/EASYBF_PCF_ZAR_20260709.csv,0bf7dc55205021b9e467344dc3ff25277205efdd883a1bbd64e644e5c5e48a80,new,27,99.68,2026-07-09T12:20:54Z
easybalanced,EASYBF,2026-07-10,https://easyetf-constituents.s3.us-west-2.amazonaws.com/EASYBF_PCF_ZAR_20260710.csv,data/raw/easybalanced/EASYBF_PCF_ZAR_20260710.csv,ac16d1136a5330ed0b05fc24d6a21e2d1e3f9bc3de2e5c13ae16724081b5b130,new,27,99.68,2026-07-10T12:08:39Z
easybalanced,EASYBF,2026-07-13,https://easyetf-constituents.s3.us-west-2.amazonaws.com/EASYBF_PCF_ZAR_20260713.csv,data/raw/easybalanced/EASYBF_PCF_ZAR_20260713.csv,8367d8fa419c424b17a82396b094ecbc7eab60ee12e2b8b81deb138afb2891a8,new,27,99.74,2026-07-13T12:16:59Z
easybalanced,EASYBF,2026-07-14,https://easyetf-constituents.s3.us-west-2.amazonaws.com/EASYBF_PCF_ZAR_20260714.csv,data/raw/easybalanced/EASYBF_PCF_ZAR_20260714.csv,6cd08d5b4a9f3233d230d981000c88924560a364f781019f9cee7cbe00ba919b,new,27,99.8,2026-07-14T10:56:20Z
easybalanced,EASYBF,2026-07-15,https://easyetf-constituents.s3.us-west-2.amazonaws.com/EASYBF_PCF_ZAR_20260715.csv,data/raw/easybalanced/EASYBF_PCF_ZAR_20260715.csv,791a10e9931893eae3ff1daff5f37ef08a76b71e04285ee541772e4a0765f147,new,27,99.71,2026-07-15T11:01:56Z
easybalanced,EASYBF,2026-07-16,https://easyetf-constituents.s3.us-west-2.amazonaws.com/EASYBF_PCF_ZAR_20260716.csv,data/raw/easybalanced/EASYBF_PCF_ZAR_20260716.csv,17aae42abcf7b832fa8da9fc4d5554d0d731245a9ed5206d4e6182fca9cfbae2,new,27,99.84,2026-07-16T11:12:39Z
easybalanced,EASYBF,2026-07-17,https://easyetf-constituents.s3.us-west-2.amazonaws.com/EASYBF_PCF_ZAR_20260717.csv,data/raw/easybalanced/EASYBF_PCF_ZAR_20260717.csv,009d582c8499e7750ee8228e0dd1f0252bb55389d22a0b9a6537cc9f0bbc3819,new,27,99.67,2026-07-17T10:58:08Z
easybalanced,EASYBF,2026-07-20,https://easyetf-constituents.s3.us-west-2.amazonaws.com/EASYBF_PCF_ZAR_20260720.csv,data/raw/easybalanced/EASYBF_PCF_ZAR_20260720.csv,61f159e6739a440f8a477325902c13d4dc2c37f1ffbf271027cf912ee573c66b,new,27,99.65,2026-07-20T11:58:35Z
easybalanced,EASYBF,2026-07-21,https://easyetf-constituents.s3.us-west-2.amazonaws.com/EASYBF_PCF_ZAR_20260721.csv,data/raw/easybalanced/EASYBF_PCF_ZAR_20260721.csv,534de18bd4cbda8b6db91700aee3b4b8fa3a23383eed81b7364bb876fcbe45a2,new,27,99.74,2026-07-21T11:19:00Z
easybalanced,EASYBF,2026-07-22,https://easyetf-constituents.s3.us-west-2.amazonaws.com/EASYBF_PCF_ZAR_20260722.csv,data/raw/easybalanced/EASYBF_PCF_ZAR_20260722.csv,8d86d13e2c1113073c823fd4770be038b1ee2f37bc0527d179a706e6abfb9f13,new,27,99.7,2026-07-22T11:20:04Z
easybalanced,EASYBF,2026-07-23,https://easyetf-constituents.s3.us-west-2.amazonaws.com/EASYBF_PCF_ZAR_20260723.csv,data/raw/easybalanced/EASYBF_PCF_ZAR_20260723.csv,393a7f16b4f92def5a7fe9c2e0c33a3ed49bc5f49dbbaa569f6c45014eba2e76,new,27,99.63,2026-07-23T11:20:09Z
easybalanced,EASYBF,2026-07-24,https://easyetf-constituents.s3.us-west-2.amazonaws.com/EASYBF_PCF_ZAR_20260724.csv,data/raw/easybalanced/EASYBF_PCF_ZAR_20260724.csv,9929deb0aba4ef7c93856e769cfafdf2ba7f46870b59e57909249c080ceeab32,new,27,99.83,2026-07-24T11:12:41Z
easybalanced,EASYBF,2026-07-27,https://easyetf-constituents.s3.us-west-2.amazonaws.com/EASYBF_PCF_ZAR_20260727.csv,data/raw/easybalanced/EASYBF_PCF_ZAR_20260727.csv,46ce7594e07d9e47293b0a511bedf728886d2466c20f3c526acf025d0f0c9029,new,27,99.69,2026-07-27T12:36:50Z
easybalanced,EASYBF,2026-07-28,https://easyetf-constituents.s3.us-west-2.amazonaws.com/EASYBF_PCF_ZAR_20260728.csv,data/raw/easybalanced/EASYBF_PCF_ZAR_20260728.csv,fe754a79676d6ddacb1f9b624a2754007d4c4ccd0c384351e924182ef528f3b0,new,27,99.83,2026-07-28T11:27:55Z
easybalanced,EASYBF,2026-07-29,https://easyetf-constituents.s3.us-west-2.amazonaws.com/EASYBF_PCF_ZAR_20260729.csv,data/raw/easybalanced/EASYBF_PCF_ZAR_20260729.csv,22f9b6fa405c025e22c58b4fae018f47db91b8950f2a6b867fda3e436792a86b,new,27,99.73,2026-07-29T11:33:45Z
easybalanced,EASYBF,2026-07-30,https://easyetf-constituents.s3.us-west-2.amazonaws.com/EASYBF_PCF_ZAR_20260730.csv,data/raw/easybalanced/EASYBF_PCF_ZAR_20260730.csv,fcdb6bd159808fc5c7a0609dac1d5687c4eb7b595bec553e4aa4d9a4bfe94ef3,new,27,99.67,2026-07-30T11:21:20Z
easybalanced,EASYBF,2026-07-31,https://easyetf-constituents.s3.us-west-2.amazonaws.com/EASYBF_PCF_ZAR_20260731.csv,data/raw/easybalanced/EASYBF_PCF_ZAR_20260731.csv,ebaefcc4ab97c23af3cc523dafb716a62e2bdeb0214e425403f884c393f5c650,new,27,99.76,2026-07-31T11:35:30Z
easybalanced,EASYBF,2026-08-03,https://easyetf-constituents.s3.us-west-2.amazonaws.com/EASYBF_PCF_ZAR_20260803.csv,data/raw/easybalanced/EASYBF_PCF_ZAR_20260803.csv,79ce60be44d3be25c72c450c6f91365c0ab4e4752e35225f10500f076d45c619,new,27,99.63,2026-08-03T12:35:56Z
easybalanced,EASYBF,2026-08-04,https://easyetf-constituents.s3.us-west-2.amazonaws.com/EASYBF_PCF_ZAR_20260804.csv,data/raw/easybalanced/EASYBF_PCF_ZAR_20260804.csv,e950af8eae21d875ecd5619a2e78bef09580e2e1453a2c060250c991a10437b4,new,27,99.63,2026-08-04T11:33:51Z
easybalanced,EASYBF,2026-08-05,https://easyetf-constituents.s3.us-west-2.amazonaws.com/EASYBF_PCF_ZAR_20260805.csv,data/raw/easybalanced/EASYBF_PCF_ZAR_20260805.csv,f5177997e418acdf75fd6723067cae94ddf2da6de5ffb44f75ac338151d406f6,new,27,99.68,2026-08-05T11:29:35Z
easybalanced,EASYBF,2026-08-06,https://easyetf-constituents.s3.us-west-2.amazonaws.com/EASYBF_PCF_ZAR_20260806.csv,data/raw/easybalanced/EASYBF_PCF_ZAR_20260806.csv,1f9094ecc49f8f11a3231c203008e3bbc4a20a0e64bde47b3c667a50bbff8717,new,27,99.67,2026-08-06T11:33:26Z
easybalanced,EASYBF,2026-08-07,https://easyetf-constituents.s3.us-west-2.amazonaws.com/EASYBF_PCF_ZAR_20260807.csv,data/raw/easybalanced/EASYBF_PCF_ZAR_20260807.csv,725181cb11ad6731ab6f1e8d3e5cc8614b42bd84a97797f6ea90a0dbc6e68732,new,27,99.71,2026-08-07T10:10:45Z
easybalanced,EASYBF,2026-08-12,https://easyetf-constituents.s3.us-west-2.amazonaws.com/EASYBF_PCF_ZAR_20260812.csv,data/raw/easybalanced/EASYBF_PCF_ZAR_20260812.csv,b3449f6c52e9ff857e0e8a323c09f746d4c772bc2a289b88b9a72585609f65be,new,27,99.78,2026-08-12T10:19:56Z
easybalanced,EASYBF,2026-08-13,https://easyetf-constituents.s3.us-west-2.amazonaws.com/EASYBF_PCF_ZAR_20260813.csv,data/raw/easybalanced/EASYBF_PCF_ZAR_20260813.csv,8bfe8fd196a0e74cef2558fa542223609e1ce60af6a64735fbb72224d70e4cfc,new,27,99.67,2026-08-13T10:28:06Z
easybalanced,EASYBF,2026-08-14,https://easyetf-constituents.s3.us-west-2.amazonaws.com/EASYBF_PCF_ZAR_20260814.csv,data/raw/easybalanced/EASYBF_PCF_ZAR_20260814.csv,84711da8208d1f1405bd9cf50cacb0d28269ece9bed019b3146f86f260544438,new,28,99.75,2026-08-14T10:16:43Z
easybalanced,EASYBF,2026-08-17,https://easyetf-constituents.s3.us-west-2.amazonaws.com/EASYBF_PCF_ZAR_20260817.csv,data/raw/easybalanced/EASYBF_PCF_ZAR_20260817.csv,17a1d382e56da47c964616b03f882d51636963bc59df4020a75c58b130670ee7,new,28,99.76,2026-08-17T09:57:44Z
easybalanced,EASYBF,2026-08-18,https://easyetf-constituents.s3.us-west-2.amazonaws.com/EASYBF_PCF_ZAR_20260818.csv,data/raw/easybalanced/EASYBF_PCF_ZAR_20260818.csv,3b65337492104a8bb9191e9de117ce9a7c2249e092b9f0b82ca19d49e49679fd,new,28,99.71,2026-08-18T09:48:30Z
easybalanced,EASYBF,2026-08-19,https://easyetf-constituents.s3.us-west-2.amazonaws.com/EASYBF_PCF_ZAR_20260819.csv,data/raw/easybalanced/EASYBF_PCF_ZAR_20260819.csv,020bc893b8fc24ebe6040c603fb9846024da6c02153cf18d6752018dc6732c53,new,28,99.75,2026-08-19T09:49:29Z
easyge,EASYGE,2026-05-08,https://easyetf-constituents.s3.us-west-2.amazonaws.com/EASYGE_PCF_ZAR_20260508.csv,data/raw/easyge/EASYGE_PCF_ZAR_20260508.csv,603c90569e71df3ad7494e6ea1c607e4e6d062bd838084ba79a7bb1f13391cda,duplicate,33,99.82,2026-05-10T04:15:32Z
easyge,EASYGE,2026-05-11,https://easyetf-constituents.s3.us-west-2.amazonaws.com/EASYGE_PCF_ZAR_20260511.csv,data/raw/easyge/EASYGE_PCF_ZAR_20260511.csv,a4517efaf467465ea18d59bb8128d34c408fe3bc07b1ac52b47e69898010744d,new,33,99.84,2026-05-11T08:36:45Z
easyge,EASYGE,2026-05-12,https://easyetf-constituents.s3.us-west-2.amazonaws.com/EASYGE_PCF_ZAR_20260512.csv,data/raw/easyge/EASYGE_PCF_ZAR_20260512.csv,c5dd69dd3bf3c544d1d5fe706efbf32f0690749913f2c80e6c389e384096975b,new,33,99.77,2026-05-12T07:43:29Z
easyge,EASYGE,2026-05-13,https://easyetf-constituents.s3.us-west-2.amazonaws.com/EASYGE_PCF_ZAR_20260513.csv,data/raw/easyge/EASYGE_PCF_ZAR_20260513.csv,dc066dc6e8f2932feee698ed0783387bd81c542a215eaaaf79e33660f0977baa,new,33,99.77,2026-05-13T11:37:32Z
easyge,EASYGE,2026-05-14,https://easyetf-constituents.s3.us-west-2.amazonaws.com/EASYGE_PCF_ZAR_20260514.csv,data/raw/easyge/EASYGE_PCF_ZAR_20260514.csv,bf798c8b9540d5146f3c708fcd24e301f08b815be7b079bb5c3652cc6a8747a4,new,33,99.84,2026-05-14T09:33:36Z
easyge,EASYGE,2026-05-15,https://easyetf-constituents.s3.us-west-2.amazonaws.com/EASYGE_PCF_ZAR_20260515.csv,data/raw/easyge/EASYGE_PCF_ZAR_20260515.csv,8412fbb10a7ecff179ca0f352a9b821faff4ce8b049b973933833c4a71607385,new,33,99.81,2026-05-15T11:30:25Z
easyge,EASYGE,2026-05-18,https://easyetf-constituents.s3.us-west-2.amazonaws.com/EASYGE_PCF_ZAR_20260518.csv,data/raw/easyge/EASYGE_PCF_ZAR_20260518.csv,9667469d2d3aa75f2242636063a856ecdf617a43b5b167252e0b075ece2c9248,new,33,99.76,2026-05-18T12:48:40Z
easyge,EASYGE,2026-05-19,https://easyetf-constituents.s3.us-west-2.amazonaws.com/EASYGE_PCF_ZAR_20260519.csv,data/raw/easyge/EASYGE_PCF_ZAR_20260519.csv,44c55dbb91225ddbebed1670a68c3536369d92818d8cbe81c92834cbbca81c68,new,33,99.8,2026-05-19T12:21:33Z
easyge,EASYGE,2026-05-20,https://easyetf-constituents.s3.us-west-2.amazonaws.com/EASYGE_PCF_ZAR_20260520.csv,data/raw/easyge/EASYGE_PCF_ZAR_20260520.csv,cbf67a978f2473d14c27a7f3ccf988a3204923fefeaafb0760b6e2702a306259,new,33,99.83,2026-05-20T12:04:10Z
easyge,EASYGE,2026-05-22,https://easyetf-constituents.s3.us-west-2.amazonaws.com/EASYGE_PCF_ZAR_20260522.csv,data/raw/easyge/EASYGE_PCF_ZAR_20260522.csv,83eed2412789f91d793f512e77678a0b90797f704dcf86762d3bd687b60d15b6,new,34,99.78,2026-05-22T12:01:33Z
easyge,EASYGE,2026-05-25,https://easyetf-constituents.s3.us-west-2.amazonaws.com/EASYGE_PCF_ZAR_20260525.csv,data/raw/easyge/EASYGE_PCF_ZAR_20260525.csv,46bbbeaf94129ad70c20237d1af7cdff72c76f49919757754ac2483551047668,new,39,99.83,2026-05-25T16:32:02Z
easyge,EASYGE,2026-05-26,https://easyetf-constituents.s3.us-west-2.amazonaws.com/EASYGE_PCF_ZAR_20260526.csv,data/raw/easyge/EASYGE_PCF_ZAR_20260526.csv,460a2d2d830f1d04b9dd6c64fccae32b1af39a41676afd593fbf4c0f367ece79,new,37,99.8,2026-05-26T12:49:45Z
easyge,EASYGE,2026-05-27,https://easyetf-constituents.s3.us-west-2.amazonaws.com/EASYGE_PCF_ZAR_20260527.csv,data/raw/easyge/EASYGE_PCF_ZAR_20260527.csv,41b6eab00d28c0550be1759a4981a630f3bb0c0b5206186d927980c71b4e0264,new,37,99.84,2026-05-27T11:14:18Z
easyge,EASYGE,2026-05-28,https://easyetf-constituents.s3.us-west-2.amazonaws.com/EASYGE_PCF_ZAR_20260528.csv,data/raw/easyge/EASYGE_PCF_ZAR_20260528.csv,7b98f8ded7bb2a6eceba746a2322645fa11ae8a8c2774f6bfd56fa8b70857952,new,37,99.81,2026-05-28T12:45:53Z
easyge,EASYGE,2026-05-29,https://easyetf-constituents.s3.us-west-2.amazonaws.com/EASYGE_PCF_ZAR_20260529.csv,data/raw/easyge/EASYGE_PCF_ZAR_20260529.csv,bf8d55e41800d0a833ae980e9b863f9f532a8e61af3dd65b0dceb80c060d8155,new,37,99.81,2026-05-29T12:27:44Z
easyge,EASYGE,2026-06-01,https://easyetf-constituents.s3.us-west-2.amazonaws.com/EASYGE_PCF_ZAR_20260601.csv,data/raw/easyge/EASYGE_PCF_ZAR_20260601.csv,811d781f3bb80d1050c3ae3a68aba1524b9bc88706f00dc3b8d177177a1681eb,new,37,99.82,2026-06-01T15:33:17Z
easyge,EASYGE,2026-06-02,https://easyetf-constituents.s3.us-west-2.amazonaws.com/EASYGE_PCF_ZAR_20260602.csv,data/raw/easyge/EASYGE_PCF_ZAR_20260602.csv,c3244638ea2aaac7e5028526a42ea51bf51e481c668b152cadab4499d4071110,new,37,99.83,2026-06-02T12:52:15Z
easyge,EASYGE,2026-06-03,https://easyetf-constituents.s3.us-west-2.amazonaws.com/EASYGE_PCF_ZAR_20260603.csv,data/raw/easyge/EASYGE_PCF_ZAR_20260603.csv,fec83570e5b47fddb7df07d8a7b0244f76599f989a6a21e10b92be512eeddac2,new,37,99.83,2026-06-03T14:06:12Z
easyge,EASYGE,2026-06-04,https://easyetf-constituents.s3.us-west-2.amazonaws.com/EASYGE_PCF_ZAR_20260604.csv,data/raw/easyge/EASYGE_PCF_ZAR_20260604.csv,da9ec671a90ee6b193ba7c0929fae6bed2b76f28bdc07e8bfeda92de3e48ea38,new,37,99.83,2026-06-04T12:19:41Z
easyge,EASYGE,2026-06-05,https://easyetf-constituents.s3.us-west-2.amazonaws.com/EASYGE_PCF_ZAR_20260605.csv,data/raw/easyge/EASYGE_PCF_ZAR_20260605.csv,ff5ef19bff5251f7b682085f4c58dbd028703b9d98a6af15d26fb8b7497e9ae0,new,37,99.82,2026-06-05T12:20:01Z
easyge,EASYGE,2026-06-08,https://easyetf-constituents.s3.us-west-2.amazonaws.com/EASYGE_PCF_ZAR_20260608.csv,data/raw/easyge/EASYGE_PCF_ZAR_20260608.csv,bd5de9f614d782c81174ff8b2293d49ef8e01a694300de525e5425d6bf2de77e,new,37,99.81,2026-06-08T11:13:46Z
easyge,EASYGE,2026-06-09,https://easyetf-constituents.s3.us-west-2.amazonaws.com/EASYGE_PCF_ZAR_20260609.csv,data/raw/easyge/EASYGE_PCF_ZAR_20260609.csv,5ab302a009947b1ae2b35e230d5ade526ec7c12b394623c6c7b330e85ca81988,new,37,99.81,2026-06-09T12:15:54Z
easyge,EASYGE,2026-06-10,https://easyetf-constituents.s3.us-west-2.amazonaws.com/EASYGE_PCF_ZAR_20260610.csv,data/raw/easyge/EASYGE_PCF_ZAR_20260610.csv,828a61fc11755970e07575d63679273d0cd98a1e783b890ac7a886401185e471,new,37,99.84,2026-06-10T12:36:05Z
easyge,EASYGE,2026-06-11,https://easyetf-constituents.s3.us-west-2.amazonaws.com/EASYGE_PCF_ZAR_20260611.csv,data/raw/easyge/EASYGE_PCF_ZAR_20260611.csv,65dcdfa0c9222a1495d73ed81aea416f4812545f594069d115fe2351dfbf08e2,new,37,99.83,2026-06-11T12:54:49Z
easyge,EASYGE,2026-06-12,https://easyetf-constituents.s3.us-west-2.amazonaws.com/EASYGE_PCF_ZAR_20260612.csv,data/raw/easyge/EASYGE_PCF_ZAR_20260612.csv,06d75e5ea8dd9a9426e8ee159cf36fa8ac3e0484e7de4970f441efd67ae4ca55,new,37,99.82,2026-06-12T12:31:24Z
easyge,EASYGE,2026-06-15,https://easyetf-constituents.s3.us-west-2.amazonaws.com/EASYGE_PCF_ZAR_20260615.csv,data/raw/easyge/EASYGE_PCF_ZAR_20260615.csv,48111f729f725f3b7e393d7228daebf62f8c30d4322913ed5e901918db2ffaf5,new,37,99.8,2026-06-15T15:25:09Z
easyge,EASYGE,2026-06-17,https://easyetf-constituents.s3.us-west-2.amazonaws.com/EASYGE_PCF_ZAR_20260617.csv,data/raw/easyge/EASYGE_PCF_ZAR_20260617.csv,fbead327ce802914e88f90960363d620e299a9bc8433685dd06ae55bd59bd9e7,new,37,99.8,2026-06-17T12:58:17Z
easyge,EASYGE,2026-06-18,https://easyetf-constituents.s3.us-west-2.amazonaws.com/EASYGE_PCF_ZAR_20260618.csv,data/raw/easyge/EASYGE_PCF_ZAR_20260618.csv,fbe50a113e57b1282ef4b67e616839d26b226be4c45cff2448d6411a9a6e8f05,new,37,99.82,2026-06-18T12:32:01Z
easyge,EASYGE,2026-06-19,https://easyetf-constituents.s3.us-west-2.amazonaws.com/EASYGE_PCF_ZAR_20260619.csv,data/raw/easyge/EASYGE_PCF_ZAR_20260619.csv,fd2e7093ac1c9af7ee8332699adab24c074599b431b478ab0ee9c2cd2192f143,new,37,99.8,2026-06-19T12:54:06Z
easyge,EASYGE,2026-06-22,https://easyetf-constituents.s3.us-west-2.amazonaws.com/EASYGE_PCF_ZAR_20260622.csv,data/raw/easyge/EASYGE_PCF_ZAR_20260622.csv,c7738685b226c92f9c91bcdd7746dc8d2cfbc944decc55bb4c3c8a3db6e93653,new,37,99.81,2026-06-22T14:50:10Z
easyge,EASYGE,2026-06-24,https://easyetf-constituents.s3.us-west-2.amazonaws.com/EASYGE_PCF_ZAR_20260624.csv,data/raw/easyge/EASYGE_PCF_ZAR_20260624.csv,06824993d882f87c909114cdf9adbf56a975d62548ff2a174a78b07fbcd82bf0,new,37,99.8,2026-06-24T12:01:37Z
easyge,EASYGE,2026-06-25,https://easyetf-constituents.s3.us-west-2.amazonaws.com/EASYGE_PCF_ZAR_20260625.csv,data/raw/easyge/EASYGE_PCF_ZAR_20260625.csv,85cfed97cd43f337f8e6bdc0bd80a8cf64ab31795dc7c074d405c1dfa06d7c2f,new,37,99.8,2026-06-25T11:50:21Z
easyge,EASYGE,2026-06-26,https://easyetf-constituents.s3.us-west-2.amazonaws.com/EASYGE_PCF_ZAR_20260626.csv,data/raw/easyge/EASYGE_PCF_ZAR_20260626.csv,6ef31e243078394801cda3f04a5fcbfd2abc5e054f24855c4c640bf499510396,new,37,99.82,2026-06-26T11:49:53Z
easyge,EASYGE,2026-06-29,https://easyetf-constituents.s3.us-west-2.amazonaws.com/EASYGE_PCF_ZAR_20260629.csv,data/raw/easyge/EASYGE_PCF_ZAR_20260629.csv,2552c934ef818e7736a0dac0e6a92ae4df2b1482fdc9dffb84b4d468b39d6399,new,37,99.82,2026-06-29T13:15:50Z
easyge,EASYGE,2026-06-30,https://easyetf-constituents.s3.us-west-2.amazonaws.com/EASYGE_PCF_ZAR_20260630.csv,data/raw/easyge/EASYGE_PCF_ZAR_20260630.csv,c8596f9547f5150eab68994cfdc7e797801f1091067c0f0ca3cec3755739554a,new,37,99.82,2026-06-30T11:50:22Z
easyge,EASYGE,2026-07-01,https://easyetf-constituents.s3.us-west-2.amazonaws.com/EASYGE_PCF_ZAR_20260701.csv,data/raw/easyge/EASYGE_PCF_ZAR_20260701.csv,fb50cf19581e09a8316a0f91d59b319994b1d8e6b6b408a8448a46e36de916ae,new,37,99.81,2026-07-01T12:17:19Z
easyge,EASYGE,2026-07-02,https://easyetf-constituents.s3.us-west-2.amazonaws.com/EASYGE_PCF_ZAR_20260702.csv,data/raw/easyge/EASYGE_PCF_ZAR_20260702.csv,7980cae3b5b83cccf0d7ae6d5202a8d2053662680fb3c0ee4d4ae384691f78d9,new,37,99.82,2026-07-02T11:43:34Z
easyge,EASYGE,2026-07-03,https://easyetf-constituents.s3.us-west-2.amazonaws.com/EASYGE_PCF_ZAR_20260703.csv,data/raw/easyge/EASYGE_PCF_ZAR_20260703.csv,cdafa76531d41c29e1836c95d033f1b56d6bc871ff023eacc44e76a4b8a1047f,new,37,99.84,2026-07-03T11:42:03Z
easyge,EASYGE,2026-07-06,https://easyetf-constituents.s3.us-west-2.amazonaws.com/EASYGE_PCF_ZAR_20260706.csv,data/raw/easyge/EASYGE_PCF_ZAR_20260706.csv,809bc3c0a3f52c421e2182326bf26fc3e10a9e6d187f08b0fb4c67e710592786,new,37,99.8,2026-07-06T12:58:50Z
easyge,EASYGE,2026-07-07,https://easyetf-constituents.s3.us-west-2.amazonaws.com/EASYGE_PCF_ZAR_20260707.csv,data/raw/easyge/EASYGE_PCF_ZAR_20260707.csv,fbbfe977c3105a995494e71873d2488f29ffa78789cb395eaa91b999e35e660a,new,37,99.83,2026-07-07T12:09:51Z
easyge,EASYGE,2026-07-08,https://easyetf-constituents.s3.us-west-2.amazonaws.com/EASYGE_PCF_ZAR_20260708.csv,data/raw/easyge/EASYGE_PCF_ZAR_20260708.csv,7d8c5c7991004aab941479746f5128b7307d6cbd3746e48d54d44d69ec9e7e78,new,37,99.81,2026-07-08T11:18:04Z
easyge,EASYGE,2026-07-09,https://easyetf-constituents.s3.us-west-2.amazonaws.com/EASYGE_PCF_ZAR_20260709.csv,data/raw/easyge/EASYGE_PCF_ZAR_20260709.csv,7c1e419fca66ef02bcbb2b95a21b982d2cae37a2efa53d71dc37d6f63d4f7ebc,new,37,99.81,2026-07-09T12:20:53Z
easyge,EASYGE,2026-07-10,https://easyetf-constituents.s3.us-west-2.amazonaws.com/EASYGE_PCF_ZAR_20260710.csv,data/raw/easyge/EASYGE_PCF_ZAR_20260710.csv,cbc9b4140f7fe4d335557ed6adf1afa76e800fb02d33c98cbe4de99737ab33ab,new,37,99.86,2026-07-10T12:08:38Z
easyge,EASYGE,2026-07-13,https://easyetf-constituents.s3.us-west-2.amazonaws.com/EASYGE_PCF_ZAR_20260713.csv,data/raw/easyge/EASYGE_PCF_ZAR_20260713.csv,e206cf49d513547b9a53c75a92ad40e4ebafd0b13aa89d3bfe5ed2f564ad6e55,new,37,99.81,2026-07-13T12:16:58Z
easyge,EASYGE,2026-07-14,https://easyetf-constituents.s3.us-west-2.amazonaws.com/EASYGE_PCF_ZAR_20260714.csv,data/raw/easyge/EASYGE_PCF_ZAR_20260714.csv,3cd9b5c931ee150be55e0c78c6fcb71fc944f761f765c09fd5d68481258a9e44,new,37,99.8,2026-07-14T10:56:20Z
easyge,EASYGE,2026-07-15,https://easyetf-constituents.s3.us-west-2.amazonaws.com/EASYGE_PCF_ZAR_20260715.csv,data/raw/easyge/EASYGE_PCF_ZAR_20260715.csv,833efb531d8ca2c637ffc5e7e92e332c35282daa3c8289697c9eaa5e62d3423b,new,37,99.83,2026-07-15T11:01:55Z
easyge,EASYGE,2026-07-16,https://easyetf-constituents.s3.us-west-2.amazonaws.com/EASYGE_PCF_ZAR_20260716.csv,data/raw/easyge/EASYGE_PCF_ZAR_20260716.csv,c1d61672a89f22c3020324b544d096a27e43dd6652803bd0f5220ce856352d80,new,37,99.82,2026-07-16T11:12:39Z
easyge,EASYGE,2026-07-17,https://easyetf-constituents.s3.us-west-2.amazonaws.com/EASYGE_PCF_ZAR_20260717.csv,data/raw/easyge/EASYGE_PCF_ZAR_20260717.csv,5d766aaa06a17eac3bdacc07bd5456bac211e3cc45f6c896dc28f11a08f9408f,new,37,99.84,2026-07-17T10:58:08Z
easyge,EASYGE,2026-07-20,https://easyetf-constituents.s3.us-west-2.amazonaws.com/EASYGE_PCF_ZAR_20260720.csv,data/raw/easyge/EASYGE_PCF_ZAR_20260720.csv,2f05668687ced065cc47c74ef3530370873c499eb1a7d6b04f30bfd2acaa1311,new,37,99.81,2026-07-20T11:58:35Z
easyge,EASYGE,2026-07-21,https://easyetf-constituents.s3.us-west-2.amazonaws.com/EASYGE_PCF_ZAR_20260721.csv,data/raw/easyge/EASYGE_PCF_ZAR_20260721.csv,504b65466f01ad615628c39ef1bcf57abc7f5755b9caa8c71c8beb9c6b9f7935,new,37,99.81,2026-07-21T11:18:58Z
easyge,EASYGE,2026-07-22,https://easyetf-constituents.s3.us-west-2.amazonaws.com/EASYGE_PCF_ZAR_20260722.csv,data/raw/easyge/EASYGE_PCF_ZAR_20260722.csv,5fa92e0895bcf2f6f60c9653ba86a2d9c7c80425b37be06feb36cf4b4ab6ebea,new,37,99.82,2026-07-22T11:20:03Z
easyge,EASYGE,2026-07-23,https://easyetf-constituents.s3.us-west-2.amazonaws.com/EASYGE_PCF_ZAR_20260723.csv,data/raw/easyge/EASYGE_PCF_ZAR_20260723.csv,1c05904382b3a3c6a3c667604b169ebd6253b1f896a12b2a0af917cb23e17169,new,37,99.8,2026-07-23T11:20:09Z
easyge,EASYGE,2026-07-24,https://easyetf-constituents.s3.us-west-2.amazonaws.com/EASYGE_PCF_ZAR_20260724.csv,data/raw/easyge/EASYGE_PCF_ZAR_20260724.csv,1841e4e9acc384fd79a6d2ae668b5b273450656f3aa0b67afe3f499de2099c09,new,37,99.82,2026-07-24T11:12:40Z
easyge,EASYGE,2026-07-27,https://easyetf-constituents.s3.us-west-2.amazonaws.com/EASYGE_PCF_ZAR_20260727.csv,data/raw/easyge/EASYGE_PCF_ZAR_20260727.csv,09f74df2b461c944db6e9ef87fde05ac8aeaeebb692187f2e39a8a717629613e,new,37,99.84,2026-07-27T12:36:49Z
easyge,EASYGE,2026-07-28,https://easyetf-constituents.s3.us-west-2.amazonaws.com/EASYGE_PCF_ZAR_20260728.csv,data/raw/easyge/EASYGE_PCF_ZAR_20260728.csv,9ba0fcd0312119bda7f7cc666e8e11cfd17477f8701e92aaf918f9a0facebea6,new,37,99.71,2026-07-28T11:27:55Z
easyge,EASYGE,2026-07-29,https://easyetf-constituents.s3.us-west-2.amazonaws.com/EASYGE_PCF_ZAR_20260729.csv,data/raw/easyge/EASYGE_PCF_ZAR_20260729.csv,2fcd8dc3675e61cc7ca5437e37e6d9faadc5bfe8d88339cdf1f2a80faa9b6274,new,37,99.76,2026-07-29T11:33:44Z
easyge,EASYGE,2026-07-30,https://easyetf-constituents.s3.us-west-2.amazonaws.com/EASYGE_PCF_ZAR_20260730.csv,data/raw/easyge/EASYGE_PCF_ZAR_20260730.csv,ad26293ee4aa79afe4803b2376b528592c72a6f65be012df8611a1f903fbdfa4,new,37,99.79,2026-07-30T11:21:19Z
easyge,EASYGE,2026-07-31,https://easyetf-constituents.s3.us-west-2.amazonaws.com/EASYGE_PCF_ZAR_20260731.csv,data/raw/easyge/EASYGE_PCF_ZAR_20260731.csv,3b9947736c8d59217d3a90bdfd0e325a2c5c635538ba70c12214beaf987f04e8,new,37,99.7,2026-07-31T11:35:30Z
easyge,EASYGE,2026-08-03,https://easyetf-constituents.s3.us-west-2.amazonaws.com/EASYGE_PCF_ZAR_20260803.csv,data/raw/easyge/EASYGE_PCF_ZAR_20260803.csv,6b9117da545bc34e9d6c2362164b5739064585a2147dfc13857185549458a190,new,37,99.77,2026-08-03T12:35:55Z
easyge,EASYGE,2026-08-04,https://easyetf-constituents.s3.us-west-2.amazonaws.com/EASYGE_PCF_ZAR_20260804.csv,data/raw/easyge/EASYGE_PCF_ZAR_20260804.csv,44efac98c87e9afb6493747a62acc0259fb8632b454323e6a1e44361f72a18e0,new,37,99.74,2026-08-04T11:33:51Z
easyge,EASYGE,2026-08-05,https://easyetf-constituents.s3.us-west-2.amazonaws.com/EASYGE_PCF_ZAR_20260805.csv,data/raw/easyge/EASYGE_PCF_ZAR_20260805.csv,7bb12048810ab1043bf65e4a546f72ebd15e14334be5c664f28e220781b9ac00,new,37,99.78,2026-08-05T11:29:34Z
easyge,EASYGE,2026-08-06,https://easyetf-constituents.s3.us-west-2.amazonaws.com/EASYGE_PCF_ZAR_20260806.csv,data/raw/easyge/EASYGE_PCF_ZAR_20260806.csv,4ab56a98dc327cd7b32c6d6a43f3fabedc4513192b44c64d35ac8a07c725a5f9,new,37,99.83,2026-08-06T11:33:25Z
easyge,EASYGE,2026-08-07,https://easyetf-constituents.s3.us-west-2.amazonaws.com/EASYGE_PCF_ZAR_20260807.csv,data/raw/easyge/EASYGE_PCF_ZAR_20260807.csv,c4452d2aee743027a00f648a07d1a7bb17908dae1c459b517cfa97d90d9fa43c,new,37,99.77,2026-08-07T10:10:44Z
easyge,EASYGE,2026-08-12,https://easyetf-constituents.s3.us-west-2.amazonaws.com/EASYGE_PCF_ZAR_20260812.csv,data/raw/easyge/EASYGE_PCF_ZAR_20260812.csv,a559717cc027b0b93051fef0f20eed84496248d350fbb07560dbaaa17013d1e8,new,37,99.82,2026-08-12T10:19:55Z
easyge,EASYGE,2026-08-13,https://easyetf-constituents.s3.us-west-2.amazonaws.com/EASYGE_PCF_ZAR_20260813.csv,data/raw/easyge/EASYGE_PCF_ZAR_20260813.csv,75c4581094bd6a0e68e631947e6e6270818d0082718a4c55c30438139a73ef3f,new,37,99.83,2026-08-13T10:28:05Z
easyge,EASYGE,2026-08-14,https://easyetf-constituents.s3.us-west-2.amazonaws.com/EASYGE_PCF_ZAR_20260814.csv,data/raw/easyge/EASYGE_PCF_ZAR_20260814.csv,c30102b253c7850afbd32ae9fb065c40a12317c0ec08b692d943837f057aed0e,new,36,99.83,2026-08-14T10:16:42Z
easyge,EASYGE,2026-08-17,https://easyetf-constituents.s3.us-west-2.amazonaws.com/EASYGE_PCF_ZAR_20260817.csv,data/raw/easyge/EASYGE_PCF_ZAR_20260817.csv,d2b836283bce5d97f020a62a3cdd56e592ed63fa6c93c6421170a9233867c82d,new,36,99.83,2026-08-17T09:57:43Z
easyge,EASYGE,2026-08-18,https://easyetf-constituents.s3.us-west-2.amazonaws.com/EASYGE_PCF_ZAR_20260818.csv,data/raw/easyge/EASYGE_PCF_ZAR_20260818.csv,723548ad4d67a8818793fa15c95ec261bc45c3b91f7691397bc64ade59b88d86,new,36,99.82,2026-08-18T09:48:29Z
easyge,EASYGE,2026-08-19,https://easyetf-constituents.s3.us-west-2.amazonaws.com/EASYGE_PCF_ZAR_20260819.csv,data/raw/easyge/EASYGE_PCF_ZAR_20260819.csv,808b901e60013cc91093cf3d897232d43efabb17ea3410e0e41eaeec39d6e99a,new,35,99.85,2026-08-19T09:49:28Z
